from_id,to_id,method,distance_km,time_min,cost_baht
1,2,driving-car,38.61,32.6,754.47
1,3,driving-car,20.98,23.6,1131.98
1,4,driving-car,42.51,36.1,1108.62
1,5,driving-car,21.14,25.7,816.41
1,6,driving-car,53.99,36.2,687.84
1,7,driving-car,83.54,58.5,956.07
1,8,driving-car,26.68,24.1,374.22
1,9,driving-car,70.07,46.9,1468.69
1,10,driving-car,57.92,38.7,1121.82
1,11,driving-car,79.38,52.8,1410.19
1,12,driving-car,20.25,18.2,289.03
1,13,driving-car,12.03,12.6,1085.63
1,14,driving-car,12.32,12.5,963.94
1,15,driving-car,14.61,17.5,421.88
1,16,driving-car,10.82,11.7,367.88
1,17,driving-car,8.64,10.6,354.72
1,18,driving-car,16.6,18.4,518.52
1,19,driving-car,5.98,5.8,644.65
1,20,driving-car,63.59,46.4,1019.56
1,21,driving-car,13.69,15.0,486.44
1,22,driving-car,11.77,12.7,761.56
1,23,driving-car,5.92,5.6,297.52
1,24,driving-car,62.86,41.4,887.17
1,25,driving-car,9.74,12.3,526.54
1,26,driving-car,4.83,8.9,575.35
1,27,driving-car,5.11,6.4,873.38
1,28,driving-car,5.36,5.1,348.05
1,29,driving-car,8.58,12.8,652.08
1,30,driving-car,11.02,11.0,738.81
1,31,driving-car,6.01,9.8,214.37
1,32,driving-car,8.14,9.7,733.2
1,33,driving-car,8.58,12.8,342.74
1,34,driving-car,13.15,16.7,279.1
1,35,driving-car,12.83,15.6,1072.31
1,36,driving-car,16.84,18.0,1115.45
1,37,driving-car,10.19,11.0,927.39
1,38,driving-car,7.12,7.2,453.93
1,39,driving-car,55.18,39.3,645.43
1,40,driving-car,55.05,39.1,1172.23
1,41,driving-car,56.54,38.1,965.23
1,42,driving-car,10.26,11.2,310.15
1,43,driving-car,28.53,30.1,782.4
1,44,driving-car,57.0,39.7,603.95
1,45,driving-car,60.47,42.4,1421.12
2,1,driving-car,38.98,29.5,653.24
2,3,driving-car,20.77,23.3,870.93
2,4,driving-car,11.94,14.7,492.62
2,5,driving-car,55.55,44.1,1028.73
2,6,driving-car,22.73,21.0,782.38
2,7,driving-car,49.75,43.2,677.75
2,8,driving-car,11.92,13.5,1084.57
2,9,driving-car,37.47,31.5,1105.88
2,10,driving-car,25.32,23.3,1156.61
2,11,driving-car,55.88,43.8,1368.82
2,12,driving-car,14.13,13.8,765.52
2,13,driving-car,23.67,23.0,1127.55
2,14,driving-car,29.18,30.2,421.58
2,15,driving-car,27.59,27.9,505.6
2,16,driving-car,23.11,20.7,334.08
2,17,driving-car,39.04,32.1,713.62
2,18,driving-car,29.56,30.2,694.79
2,19,driving-car,30.88,28.5,599.75
2,20,driving-car,30.99,31.0,1102.28
2,21,driving-car,23.74,21.7,619.5
2,22,driving-car,25.42,24.0,564.7
2,23,driving-car,30.83,28.3,843.57
2,24,driving-car,30.25,26.1,477.33
2,25,driving-car,40.14,33.8,1151.67
2,26,driving-car,40.17,31.6,497.04
2,27,driving-car,37.52,29.7,1296.86
2,28,driving-car,30.26,27.9,1045.6
2,29,driving-car,43.93,35.5,640.74
2,30,driving-car,32.18,31.2,370.91
2,31,driving-car,41.35,32.5,1173.9
2,32,driving-car,40.7,29.2,1070.62
2,33,driving-car,43.93,35.5,1118.01
2,34,driving-car,48.52,39.4,1195.06
2,35,driving-car,48.19,38.3,564.76
2,36,driving-car,22.69,22.4,612.64
2,37,driving-car,24.61,24.3,409.66
2,38,driving-car,30.34,28.8,1128.01
2,39,driving-car,23.74,24.1,859.39
2,40,driving-car,23.96,24.0,597.99
2,41,driving-car,23.93,22.8,357.14
2,42,driving-car,24.67,24.5,585.74
2,43,driving-car,23.87,26.9,592.12
2,44,driving-car,24.4,24.3,960.35
2,45,driving-car,27.87,27.0,905.26
3,1,driving-car,24.21,25.4,1100.67
3,2,driving-car,22.92,25.8,716.85
3,4,driving-car,27.4,26.6,435.33
3,5,driving-car,40.91,42.1,1078.15
3,6,driving-car,38.19,32.9,1098.73
3,7,driving-car,65.21,55.1,1150.54
3,8,driving-car,11.57,14.5,903.36
3,9,driving-car,52.93,43.4,982.82
3,10,driving-car,40.78,35.2,905.59
3,11,driving-car,71.34,55.7,1085.35
3,12,driving-car,5.14,8.7,189.79
3,13,driving-car,7.26,15.0,277.79
3,14,driving-car,16.09,22.5,269.42
3,15,driving-car,14.5,20.1,802.77
3,16,driving-car,10.02,13.0,481.56
3,17,driving-car,21.03,25.7,734.45
3,18,driving-car,16.47,22.4,1060.6
3,19,driving-car,17.79,20.8,477.39
3,20,driving-car,46.45,42.9,852.67
3,21,driving-car,10.65,14.0,883.05
3,22,driving-car,12.33,16.3,420.73
3,23,driving-car,17.74,20.5,321.96
3,24,driving-car,45.72,38.0,737.9
3,25,driving-car,22.13,27.4,430.64
3,26,driving-car,21.65,26.5,1118.43
3,27,driving-car,17.96,23.6,981.53
3,28,driving-car,17.17,20.1,818.75
3,29,driving-car,25.4,30.3,1096.01
3,30,driving-car,19.09,23.4,985.43
3,31,driving-car,22.83,27.3,459.05
3,32,driving-car,26.06,27.2,1120.28
3,33,driving-car,25.4,30.3,797.11
3,34,driving-car,33.75,35.3,1105.2
3,35,driving-car,33.42,34.2,1182.34
3,36,driving-car,4.89,9.8,451.48
3,37,driving-car,11.52,16.5,308.19
3,38,driving-car,17.26,21.0,454.46
3,39,driving-car,39.21,36.0,806.58
3,40,driving-car,39.43,35.9,1160.15
3,41,driving-car,39.4,34.7,1198.36
3,42,driving-car,11.58,16.7,215.82
3,43,driving-car,24.5,31.0,764.17
3,44,driving-car,39.86,36.2,803.05
3,45,driving-car,43.34,38.9,656.79
4,1,driving-car,48.91,37.8,612.11
4,2,driving-car,14.86,17.3,536.37
4,3,driving-car,29.55,28.4,1193.52
4,5,driving-car,65.49,52.4,938.79
4,6,driving-car,13.74,12.2,691.59
4,7,driving-car,40.76,34.4,1067.68
4,8,driving-car,20.7,18.6,601.37
4,9,driving-car,28.48,22.7,1210.94
4,10,driving-car,16.33,14.5,1109.01
4,11,driving-car,46.89,35.0,713.66
4,12,driving-car,22.9,18.9,739.22
4,13,driving-car,32.45,28.1,638.89
4,14,driving-car,37.96,35.3,668.54
4,15,driving-car,36.37,33.0,432.66
4,16,driving-car,31.89,25.8,912.23
4,17,driving-car,42.9,38.6,905.56
4,18,driving-car,38.34,35.3,461.55
4,19,driving-car,39.66,33.6,676.56
4,20,driving-car,22.0,22.2,1101.94
4,21,driving-car,32.52,26.8,584.27
4,22,driving-car,34.2,29.1,512.51
4,23,driving-car,39.6,33.4,865.81
4,24,driving-car,21.26,17.3,1165.67
4,25,driving-car,44.0,40.3,680.35
4,26,driving-car,43.52,39.3,1063.34
4,27,driving-car,39.83,36.4,1112.6
4,28,driving-car,39.04,33.0,634.69
4,29,driving-car,47.27,43.2,1145.69
4,30,driving-car,40.96,36.3,767.66
4,31,driving-car,44.7,40.2,1037.53
4,32,driving-car,50.63,37.5,1089.04
4,33,driving-car,47.27,43.2,972.5
4,34,driving-car,58.45,47.7,666.59
4,35,driving-car,58.13,46.6,1334.38
4,36,driving-car,31.47,27.5,648.96
4,37,driving-car,33.39,29.4,543.49
4,38,driving-car,39.12,33.9,458.16
4,39,driving-car,14.75,15.3,763.55
4,40,driving-car,14.97,15.2,843.1
4,41,driving-car,14.94,14.0,248.01
4,42,driving-car,33.45,29.6,836.98
4,43,driving-car,33.8,35.2,582.75
4,44,driving-car,15.41,15.5,817.03
4,45,driving-car,18.88,18.2,417.59
5,1,driving-car,21.19,23.8,899.86
5,2,driving-car,57.58,48.7,925.99
5,3,driving-car,41.09,44.2,1280.83
5,4,driving-car,63.41,53.1,752.96
5,6,driving-car,72.96,52.4,1022.1
5,7,driving-car,102.52,74.7,1117.09
5,8,driving-car,47.31,45.7,1322.85
5,9,driving-car,89.04,63.0,1663.03
5,10,driving-car,76.9,54.8,982.75
5,11,driving-car,98.36,69.0,1565.27
5,12,driving-car,40.89,39.8,1171.56
5,13,driving-car,32.66,34.2,869.46
5,14,driving-car,32.95,34.2,848.79
5,15,driving-car,35.25,39.1,608.17
5,16,driving-car,31.45,33.3,443.89
5,17,driving-car,21.5,26.8,1087.99
5,18,driving-car,37.24,40.0,1216.8
5,19,driving-car,26.62,27.4,891.25
5,20,driving-car,82.57,62.6,1110.61
5,21,driving-car,34.33,36.6,697.43
5,22,driving-car,32.41,34.3,1021.14
5,23,driving-car,26.56,27.2,1128.38
5,24,driving-car,81.83,57.6,1596.1
5,25,driving-car,20.12,25.5,971.35
5,26,driving-car,20.5,24.1,850.33
5,27,driving-car,25.75,28.0,390.23
5,28,driving-car,25.99,26.7,461.89
5,29,driving-car,16.7,19.2,1054.1
5,30,driving-car,31.66,32.6,907.57
5,31,driving-car,17.59,21.3,259.91
5,32,driving-car,21.37,24.1,370.78
5,33,driving-car,16.7,19.2,842.55
5,34,driving-car,11.94,18.0,216.64
5,35,driving-car,11.62,16.9,354.57
5,36,driving-car,38.06,38.2,906.84
5,37,driving-car,30.82,32.6,977.77
5,38,driving-car,27.75,28.8,917.27
5,39,driving-car,74.15,55.5,927.69
5,40,driving-car,74.02,55.2,1365.64
5,41,driving-car,75.51,54.3,951.61
5,42,driving-car,30.89,32.8,648.48
5,43,driving-car,47.49,48.2,1164.01
5,44,driving-car,75.97,55.8,1326.9
5,45,driving-car,79.45,58.6,1537.85
6,1,driving-car,56.81,36.7,1163.23
6,2,driving-car,23.91,22.5,811.26
6,3,driving-car,38.6,33.7,501.61
6,4,driving-car,12.96,12.0,550.16
6,5,driving-car,73.39,51.3,957.69
6,7,driving-car,30.53,26.0,572.33
6,8,driving-car,29.74,23.8,1222.13
6,9,driving-car,18.24,14.3,609.97
6,10,driving-car,6.1,6.1,975.99
6,11,driving-car,39.56,28.6,993.0
6,12,driving-car,31.95,24.1,1079.43
6,13,driving-car,41.49,33.3,893.54
6,14,driving-car,47.01,40.6,1007.29
6,15,driving-car,45.42,38.2,917.84
6,16,driving-car,40.94,31.1,612.21
6,17,driving-car,56.88,39.4,1222.19
6,18,driving-car,47.39,40.6,744.01
6,19,driving-car,56.22,36.3,588.25
6,20,driving-car,11.77,13.8,791.82
6,21,driving-car,41.56,32.1,601.16
6,22,driving-car,43.24,34.4,1302.45
6,23,driving-car,56.17,36.1,1424.49
6,24,driving-car,11.03,8.8,1029.09
6,25,driving-car,57.98,41.1,914.47
6,26,driving-car,58.01,38.9,595.49
6,27,driving-car,55.36,36.9,1394.55
6,28,driving-car,55.6,35.7,946.47
6,29,driving-car,61.76,42.8,1484.33
6,30,driving-car,50.0,41.5,1380.76
6,31,driving-car,59.18,39.7,1359.24
6,32,driving-car,58.54,36.5,851.09
6,33,driving-car,61.76,42.8,960.93
6,34,driving-car,66.36,46.6,1421.76
6,35,driving-car,66.03,45.6,938.0
6,36,driving-car,40.52,32.7,585.46
6,37,driving-car,42.44,34.6,950.36
6,38,driving-car,57.36,37.8,1418.6
6,39,driving-car,4.52,6.8,789.31
6,40,driving-car,4.74,6.8,677.37
6,41,driving-car,4.71,5.5,251.57
6,42,driving-car,42.5,34.8,1003.26
6,43,driving-car,41.91,35.4,1335.78
6,44,driving-car,5.18,7.1,293.25
6,45,driving-car,8.65,9.8,656.22
7,1,driving-car,80.72,53.4,1575.7
7,2,driving-car,56.56,46.0,1235.95
7,3,driving-car,71.25,57.2,1327.06
7,4,driving-car,45.61,35.5,1108.43
7,5,driving-car,97.29,68.0,1283.59
7,6,driving-car,37.79,28.0,675.05
7,8,driving-car,60.04,44.5,1327.29
7,9,driving-car,14.36,18.9,958.12
7,10,driving-car,28.17,27.2,1114.23
7,11,driving-car,7.92,9.7,1006.9
7,12,driving-car,64.6,47.6,1100.11
7,13,driving-car,74.14,56.8,1177.12
7,14,driving-car,86.46,59.8,1564.8
7,15,driving-car,78.07,61.7,1346.1
7,16,driving-car,73.59,54.6,1352.58
7,17,driving-car,80.78,56.1,1502.9
7,18,driving-car,80.04,64.0,1579.92
7,19,driving-car,80.12,53.0,1083.96
7,20,driving-car,26.69,29.9,660.04
7,21,driving-car,74.22,55.6,811.06
7,22,driving-car,75.9,57.9,1262.05
7,23,driving-car,80.07,52.8,811.58
7,24,driving-car,24.47,23.7,723.3
7,25,driving-car,81.88,57.7,1286.62
7,26,driving-car,81.91,55.6,1056.44
7,27,driving-car,79.26,53.6,1303.59
7,28,driving-car,79.5,52.3,801.45
7,29,driving-car,85.66,59.4,871.54
7,30,driving-car,85.17,58.2,1573.12
7,31,driving-car,83.09,56.4,1135.12
7,32,driving-car,82.44,53.1,918.47
7,33,driving-car,85.66,59.4,1307.95
7,34,driving-car,90.26,63.3,1579.22
7,35,driving-car,89.93,62.2,1077.01
7,36,driving-car,73.17,56.2,1277.63
7,37,driving-car,75.09,58.1,811.12
7,38,driving-car,81.26,54.4,838.24
7,39,driving-car,38.98,31.0,898.56
7,40,driving-car,38.85,30.8,905.87
7,41,driving-car,30.48,28.9,926.03
7,42,driving-car,75.15,58.3,1388.33
7,43,driving-car,65.81,52.1,1529.06
7,44,driving-car,31.71,30.6,826.85
7,45,driving-car,28.34,28.9,625.88
8,1,driving-car,29.49,26.5,1060.09
8,2,driving-car,15.66,17.1,481.87
8,3,driving-car,13.18,15.8,615.83
8,4,driving-car,20.14,17.9,340.23
8,5,driving-car,47.02,45.4,510.99
8,6,driving-car,30.93,24.2,1222.32
8,7,driving-car,57.95,46.4,1333.46
8,9,driving-car,45.67,34.7,1103.07
8,10,driving-car,33.52,26.5,744.72
8,11,driving-car,61.41,44.4,767.15
8,12,driving-car,6.54,6.2,316.8
8,13,driving-car,16.08,15.4,466.28
8,14,driving-car,21.6,22.7,775.6
8,15,driving-car,20.01,20.4,911.72
8,16,driving-car,15.52,13.2,831.32
8,17,driving-car,26.53,26.0,572.68
8,18,driving-car,21.98,22.7,1143.72
8,19,driving-car,23.3,21.0,959.01
8,20,driving-car,39.19,34.2,920.94
8,21,driving-car,16.15,14.2,792.1
8,22,driving-car,17.83,16.5,630.95
8,23,driving-car,23.24,20.8,517.38
8,24,driving-car,38.46,29.3,736.56
8,25,driving-car,27.64,27.7,1011.68
8,26,driving-car,27.16,26.7,338.73
8,27,driving-car,23.47,23.8,400.73
8,28,driving-car,22.67,20.4,331.26
8,29,driving-car,30.91,30.6,392.44
8,30,driving-car,24.59,23.7,1075.13
8,31,driving-car,28.33,27.6,968.43
8,32,driving-car,34.02,29.5,807.42
8,33,driving-car,30.91,30.6,443.83
8,34,driving-car,39.03,36.4,863.19
8,35,driving-car,38.71,35.3,844.3
8,36,driving-car,15.11,14.8,390.15
8,37,driving-car,17.03,16.8,638.18
8,38,driving-car,22.76,21.3,649.23
8,39,driving-car,31.95,27.3,918.37
8,40,driving-car,32.17,27.2,937.44
8,41,driving-car,32.14,26.0,406.39
8,42,driving-car,17.09,17.0,585.28
8,43,driving-car,17.45,21.2,813.92
8,44,driving-car,32.6,27.5,822.12
8,45,driving-car,36.07,30.2,1167.9
9,1,driving-car,73.26,48.2,1310.66
9,2,driving-car,40.3,34.1,577.69
9,3,driving-car,54.98,45.3,619.34
9,4,driving-car,29.35,23.6,921.48
9,5,driving-car,89.83,62.8,905.57
9,6,driving-car,17.63,13.8,779.11
9,7,driving-car,13.57,13.7,1069.7
9,8,driving-car,46.13,35.5,998.54
9,10,driving-car,14.51,12.0,579.42
9,11,driving-car,21.5,19.8,859.46
9,12,driving-car,48.34,35.7,911.82
9,13,driving-car,57.88,44.9,1071.54
9,14,driving-car,63.39,52.2,1476.33
9,15,driving-car,61.81,49.8,962.28
9,16,driving-car,57.32,42.7,1440.79
9,17,driving-car,73.32,50.9,1533.2
9,18,driving-car,63.78,52.2,808.73
9,19,driving-car,72.67,47.8,774.96
9,20,driving-car,13.03,14.7,310.41
9,21,driving-car,57.95,43.7,597.48
9,22,driving-car,59.63,46.0,680.36
9,23,driving-car,72.61,47.6,1326.7
9,24,driving-car,10.82,8.5,268.31
9,25,driving-car,74.42,52.5,1015.36
9,26,driving-car,74.45,50.4,1488.94
9,27,driving-car,71.8,48.4,725.64
9,28,driving-car,72.04,47.1,1439.88
9,29,driving-car,78.21,54.2,1016.06
9,30,driving-car,77.71,53.0,864.24
9,31,driving-car,75.63,51.2,1366.23
9,32,driving-car,74.98,47.9,1299.37
9,33,driving-car,78.21,54.2,1552.11
9,34,driving-car,82.8,58.1,1469.46
9,35,driving-car,82.47,57.0,1527.56
9,36,driving-car,56.91,44.3,826.06
9,37,driving-car,58.83,46.2,748.25
9,38,driving-car,73.8,49.2,1398.25
9,39,driving-car,18.56,16.8,984.57
9,40,driving-car,18.86,16.8,1151.97
9,41,driving-car,16.82,13.7,617.6
9,42,driving-car,58.89,46.5,923.88
9,43,driving-car,58.36,46.9,1283.33
9,44,driving-car,18.05,15.4,561.57
9,45,driving-car,14.69,13.7,1069.01
10,1,driving-car,60.37,38.9,1374.4
10,2,driving-car,27.4,24.9,713.79
10,3,driving-car,42.09,36.1,1122.05
10,4,driving-car,16.46,14.3,922.81
10,5,driving-car,76.94,53.5,843.77
10,6,driving-car,4.73,4.6,976.55
10,7,driving-car,26.0,22.5,771.23
10,8,driving-car,33.24,26.2,1118.23
10,9,driving-car,13.72,10.8,512.58
10,11,driving-car,33.93,28.6,1185.91
10,12,driving-car,35.45,26.5,742.38
10,13,driving-car,44.99,35.7,480.67
10,14,driving-car,50.5,43.0,1332.59
10,15,driving-car,48.92,40.6,586.48
10,16,driving-car,44.43,33.5,753.53
10,17,driving-car,60.43,41.6,1457.43
10,18,driving-car,50.88,42.9,1376.53
10,19,driving-car,59.78,38.5,1112.72
10,20,driving-car,5.93,10.2,740.7
10,21,driving-car,45.06,34.4,875.11
10,22,driving-car,46.74,36.7,749.68
10,23,driving-car,59.72,38.3,891.92
10,24,driving-car,6.5,5.3,781.02
10,25,driving-car,61.53,43.3,1289.41
10,26,driving-car,61.56,41.1,1324.96
10,27,driving-car,58.91,39.1,1299.89
10,28,driving-car,59.15,37.9,673.36
10,29,driving-car,65.31,44.9,1091.27
10,30,driving-car,64.82,43.8,693.68
10,31,driving-car,62.74,41.9,1117.74
10,32,driving-car,62.09,38.6,1014.69
10,33,driving-car,65.31,45.0,1445.22
10,34,driving-car,69.91,48.8,1003.51
10,35,driving-car,69.58,47.8,790.08
10,36,driving-car,44.01,35.1,591.27
10,37,driving-car,45.94,37.0,1164.35
10,38,driving-car,60.91,40.0,1163.09
10,39,driving-car,4.22,7.3,251.94
10,40,driving-car,5.97,7.5,248.01
10,41,driving-car,3.93,4.4,789.92
10,42,driving-car,46.0,37.2,544.99
10,43,driving-car,45.47,37.6,1214.67
10,44,driving-car,5.16,6.2,802.66
10,45,driving-car,4.12,6.3,233.49
11,1,driving-car,80.07,52.0,855.58
11,2,driving-car,55.92,44.6,1451.8
11,3,driving-car,70.6,55.8,1030.74
11,4,driving-car,44.97,34.1,804.33
11,5,driving-car,96.65,66.6,1684.85
11,6,driving-car,37.15,26.6,1258.22
11,7,driving-car,9.65,9.8,1083.62
11,8,driving-car,59.4,43.1,1271.44
11,9,driving-car,17.11,18.6,586.9
11,10,driving-car,30.92,26.9,431.01
11,12,driving-car,63.96,46.2,1333.57
11,13,driving-car,73.5,55.4,1222.56
11,14,driving-car,85.82,58.4,1221.41
11,15,driving-car,77.43,60.3,1571.09
11,16,driving-car,72.94,53.2,815.04
11,17,driving-car,80.14,54.7,1223.33
11,18,driving-car,79.4,62.7,783.32
11,19,driving-car,79.48,51.6,1195.61
11,20,driving-car,29.45,29.6,394.77
11,21,driving-car,73.57,54.2,827.57
11,22,driving-car,75.25,56.5,841.52
11,23,driving-car,79.42,51.4,1357.57
11,24,driving-car,27.23,23.4,997.78
11,25,driving-car,81.24,56.4,1316.55
11,26,driving-car,81.27,54.2,1657.79
11,27,driving-car,78.61,52.2,1103.37
11,28,driving-car,78.86,50.9,1025.38
11,29,driving-car,85.02,58.0,1612.95
11,30,driving-car,84.52,56.8,1027.2
11,31,driving-car,82.44,55.0,1671.02
11,32,driving-car,81.8,51.7,808.34
11,33,driving-car,85.02,58.0,1704.1
11,34,driving-car,89.61,61.9,918.24
11,35,driving-car,89.29,60.8,1678.08
11,36,driving-car,72.53,54.8,1186.2
11,37,driving-car,74.45,56.7,1622.22
11,38,driving-car,80.62,53.1,851.43
11,39,driving-car,38.34,29.6,913.69
11,40,driving-car,38.21,29.4,1286.55
11,41,driving-car,39.69,28.5,896.81
11,42,driving-car,74.51,56.9,1295.55
11,43,driving-car,65.17,50.7,1271.2
11,44,driving-car,40.16,30.0,838.95
11,45,driving-car,31.1,28.7,922.1
12,1,driving-car,23.64,22.0,823.5
12,2,driving-car,17.84,17.4,1064.42
12,3,driving-car,7.34,11.3,222.11
12,4,driving-car,22.32,18.1,539.93
12,5,driving-car,41.17,40.9,1293.81
12,6,driving-car,33.11,24.5,1174.62
12,7,driving-car,60.13,46.6,1009.76
12,8,driving-car,6.49,6.1,733.81
12,9,driving-car,47.85,34.9,744.87
12,10,driving-car,35.7,26.7,563.41
12,11,driving-car,66.26,47.2,1072.17
12,13,driving-car,10.23,10.9,518.13
12,14,driving-car,15.75,18.2,764.04
12,15,driving-car,14.16,15.9,297.58
12,16,driving-car,9.68,8.7,1073.38
12,17,driving-car,20.68,21.5,1161.53
12,18,driving-car,16.13,18.2,869.76
12,19,driving-car,17.45,16.5,733.14
12,20,driving-car,41.37,34.5,718.71
12,21,driving-car,10.3,9.7,933.02
12,22,driving-car,11.98,12.0,828.62
12,23,driving-car,17.39,16.3,396.59
12,24,driving-car,40.63,29.5,1253.69
12,25,driving-car,21.79,23.2,1023.1
12,26,driving-car,21.31,22.2,1133.8
12,27,driving-car,17.62,19.3,904.99
12,28,driving-car,16.82,15.9,798.31
12,29,driving-car,25.06,26.1,685.4
12,30,driving-car,18.74,19.2,1099.14
12,31,driving-car,22.48,23.1,1067.8
12,32,driving-car,28.17,25.0,374.56
12,33,driving-car,25.06,26.1,332.71
12,34,driving-car,33.18,31.9,712.76
12,35,driving-car,32.86,30.8,1100.88
12,36,driving-car,9.26,10.3,1082.24
12,37,driving-car,11.18,12.3,342.14
12,38,driving-car,16.91,16.8,781.59
12,39,driving-car,34.12,27.5,724.26
12,40,driving-car,34.34,27.5,1256.14
12,41,driving-car,34.32,26.2,1140.97
12,42,driving-car,11.24,12.5,961.68
12,43,driving-car,23.05,25.5,714.72
12,44,driving-car,34.78,27.8,760.08
12,45,driving-car,38.25,30.5,660.57
13,1,driving-car,15.62,15.5,288.58
13,2,driving-car,28.22,25.9,1112.51
13,3,driving-car,6.53,14.0,907.55
13,4,driving-car,32.7,26.7,1269.85
13,5,driving-car,32.72,32.3,1267.23
13,6,driving-car,43.5,33.0,958.14
13,7,driving-car,70.51,55.2,1385.18
13,8,driving-car,16.87,14.6,1096.88
13,9,driving-car,58.23,43.5,1348.13
13,10,driving-car,46.09,35.3,702.88
13,11,driving-car,76.64,55.8,1153.75
13,12,driving-car,10.45,8.8,317.89
13,14,driving-car,7.74,11.8,1042.46
13,15,driving-car,6.82,10.5,723.39
13,16,driving-car,1.93,3.8,351.83
13,17,driving-car,12.66,15.0,821.65
13,18,driving-car,8.79,12.8,746.95
13,19,driving-car,9.42,10.0,517.08
13,20,driving-car,51.76,43.0,630.66
13,21,driving-car,3.89,5.5,763.2
13,22,driving-car,3.98,5.6,627.65
13,23,driving-car,9.37,9.8,889.5
13,24,driving-car,51.02,38.0,990.32
13,25,driving-car,13.76,16.7,991.78
13,26,driving-car,13.28,15.7,718.18
13,27,driving-car,9.59,12.8,700.68
13,28,driving-car,8.8,9.4,979.69
13,29,driving-car,17.04,19.6,610.91
13,30,driving-car,10.72,12.7,324.15
13,31,driving-car,14.46,16.6,255.62
13,32,driving-car,17.87,17.4,933.21
13,33,driving-car,17.04,19.6,806.06
13,34,driving-car,25.16,25.4,943.45
13,35,driving-car,24.83,24.3,498.81
13,36,driving-car,4.86,5.6,287.82
13,37,driving-car,2.32,3.4,161.67
13,38,driving-car,8.89,10.3,506.81
13,39,driving-car,44.51,36.0,997.76
13,40,driving-car,44.73,36.0,821.72
13,41,driving-car,44.7,34.7,862.18
13,42,driving-car,2.38,3.6,962.71
13,43,driving-car,26.7,28.4,635.53
13,44,driving-car,45.17,36.3,935.03
13,45,driving-car,48.64,39.0,1207.23
14,1,driving-car,15.6,15.2,594.59
14,2,driving-car,32.99,34.2,932.3
14,3,driving-car,15.94,22.5,1016.21
14,4,driving-car,37.47,35.0,1262.83
14,5,driving-car,33.13,34.1,505.91
14,6,driving-car,48.27,41.3,1332.73
14,7,driving-car,75.28,63.5,1178.92
14,8,driving-car,21.64,22.9,514.04
14,9,driving-car,63.0,51.8,1038.72
14,10,driving-car,50.86,43.6,1402.84
14,11,driving-car,89.22,62.2,1318.67
14,12,driving-car,15.22,17.1,530.92
14,13,driving-car,7.55,11.8,752.63
14,15,driving-car,5.43,7.7,384.93
14,16,driving-car,5.97,10.4,240.59
14,17,driving-car,9.41,13.2,310.65
14,18,driving-car,4.59,7.1,278.58
14,19,driving-car,9.41,9.7,331.37
14,20,driving-car,56.53,51.3,693.94
14,21,driving-car,8.6,10.6,766.19
14,22,driving-car,7.55,9.2,346.26
14,23,driving-car,9.35,9.5,505.38
14,24,driving-car,55.79,46.4,1369.83
14,25,driving-car,10.1,13.5,625.77
14,26,driving-car,10.2,15.2,800.7
14,27,driving-car,9.58,12.5,350.86
14,28,driving-car,8.79,9.1,363.69
14,29,driving-car,17.02,19.3,284.42
14,30,driving-car,1.47,2.3,295.09
14,31,driving-car,14.44,16.3,480.31
14,32,driving-car,20.13,18.2,428.85
14,33,driving-car,17.02,19.3,327.47
14,34,driving-car,25.14,25.1,418.19
14,35,driving-car,24.82,24.1,721.76
14,36,driving-car,12.36,17.2,400.72
14,37,driving-car,6.22,10.9,501.77
14,38,driving-car,5.28,6.8,620.9
14,39,driving-car,49.28,44.3,1128.74
14,40,driving-car,49.5,44.3,544.63
14,41,driving-car,49.47,43.1,1228.47
14,42,driving-car,6.29,11.2,739.49
14,43,driving-car,31.93,38.0,437.52
14,44,driving-car,49.94,44.6,1299.21
14,45,driving-car,53.41,47.3,1371.27
15,1,driving-car,17.29,18.6,304.5
15,2,driving-car,31.39,31.8,608.81
15,3,driving-car,14.34,20.1,954.46
15,4,driving-car,35.86,32.6,1068.81
15,5,driving-car,34.82,37.5,553.13
15,6,driving-car,46.66,38.9,673.52
15,7,driving-car,73.68,61.1,1055.04
15,8,driving-car,20.03,20.5,704.81
15,9,driving-car,61.4,49.4,1167.53
15,10,driving-car,49.25,41.2,839.14
15,11,driving-car,79.81,61.7,1193.07
15,12,driving-car,13.61,14.7,896.49
15,13,driving-car,6.62,10.2,209.54
15,14,driving-car,5.44,7.8,396.05
15,16,driving-car,5.04,8.8,808.27
15,17,driving-car,14.33,18.1,1034.5
15,18,driving-car,3.08,6.9,614.03
15,19,driving-car,11.1,13.1,685.1
15,20,driving-car,54.92,48.9,651.77
15,21,driving-car,4.27,7.4,563.92
15,22,driving-car,3.22,6.0,633.79
15,23,driving-car,11.04,12.9,424.0
15,24,driving-car,54.18,43.9,791.35
15,25,driving-car,15.44,19.8,576.14
15,26,driving-car,14.96,18.8,251.28
15,27,driving-car,11.27,15.9,497.26
15,28,driving-car,10.47,12.5,392.09
15,29,driving-car,18.71,22.7,554.22
15,30,driving-car,6.61,8.8,284.26
15,31,driving-car,16.13,19.7,1042.88
15,32,driving-car,21.82,21.6,817.29
15,33,driving-car,18.71,22.7,870.66
15,34,driving-car,26.83,28.5,1033.39
15,35,driving-car,26.51,27.5,769.18
15,36,driving-car,11.43,15.7,286.74
15,37,driving-car,6.13,10.9,656.74
15,38,driving-car,10.41,13.3,729.53
15,39,driving-car,47.67,41.9,1164.6
15,40,driving-car,47.89,41.9,884.05
15,41,driving-car,47.86,40.6,610.13
15,42,driving-car,6.2,11.2,429.2
15,43,driving-car,31.84,37.9,689.99
15,44,driving-car,48.33,42.2,1080.63
15,45,driving-car,51.8,44.9,1042.5
16,1,driving-car,14.16,14.2,548.11
16,2,driving-car,27.02,24.9,1212.52
16,3,driving-car,9.97,13.2,743.51
16,4,driving-car,31.5,25.7,574.0
16,5,driving-car,31.7,33.0,453.7
16,6,driving-car,42.3,32.1,585.62
16,7,driving-car,69.31,54.2,903.65
16,8,driving-car,15.67,13.7,382.8
16,9,driving-car,57.03,42.5,741.16
16,10,driving-car,44.89,34.3,726.65
16,11,driving-car,75.44,54.8,893.5
16,12,driving-car,9.24,7.8,1000.65
16,13,driving-car,2.1,3.5,219.36
16,14,driving-car,6.27,10.4,646.31
16,15,driving-car,4.72,9.0,533.54
16,17,driving-car,11.21,13.6,1091.11
16,18,driving-car,6.69,11.4,277.82
16,19,driving-car,7.97,8.7,543.38
16,20,driving-car,50.56,42.1,1390.78
16,21,driving-car,2.6,4.3,929.36
16,22,driving-car,1.88,4.2,881.08
16,23,driving-car,7.91,8.4,417.02
16,24,driving-car,49.82,37.1,665.77
16,25,driving-car,12.31,15.3,816.45
16,26,driving-car,11.83,14.4,1047.75
16,27,driving-car,8.14,11.5,687.5
16,28,driving-car,7.35,8.0,695.73
16,29,driving-car,15.58,18.2,489.54
16,30,driving-car,9.27,11.3,886.29
16,31,driving-car,13.01,15.2,387.91
16,32,driving-car,18.7,17.1,550.71
16,33,driving-car,15.58,18.2,620.45
16,34,driving-car,23.7,24.1,754.95
16,35,driving-car,23.38,23.0,513.71
16,36,driving-car,6.9,9.0,281.7
16,37,driving-car,3.02,4.8,702.69
16,38,driving-car,7.43,8.9,441.57
16,39,driving-car,43.31,35.1,979.74
16,40,driving-car,43.53,35.0,597.43
16,41,driving-car,43.5,33.8,891.28
16,42,driving-car,3.08,5.0,632.85
16,43,driving-car,28.74,31.7,385.06
16,44,driving-car,43.96,35.3,765.1
16,45,driving-car,47.44,38.1,612.71
17,1,driving-car,5.05,7.8,223.37
17,2,driving-car,43.11,38.2,1345.9
17,3,driving-car,21.45,27.3,570.22
17,4,driving-car,42.98,39.8,1182.72
17,5,driving-car,20.07,24.8,498.24
17,6,driving-car,58.49,41.9,1199.02
17,7,driving-car,88.04,64.1,1547.13
17,8,driving-car,27.15,27.7,861.77
17,9,driving-car,74.57,52.5,1154.05
17,10,driving-car,62.42,44.3,990.94
17,11,driving-car,83.88,58.4,1133.22
17,12,driving-car,20.73,21.9,1110.92
17,13,driving-car,12.5,16.2,963.56
17,14,driving-car,10.06,13.9,1067.44
17,15,driving-car,15.18,20.4,346.63
17,16,driving-car,11.29,15.4,865.31
17,18,driving-car,14.34,19.7,1073.39
17,19,driving-car,4.52,7.5,325.99
17,20,driving-car,68.09,52.0,731.16
17,21,driving-car,14.17,18.6,894.7
17,22,driving-car,12.25,16.3,731.28
17,23,driving-car,4.46,7.3,920.14
17,24,driving-car,67.36,47.0,790.54
17,25,driving-car,1.11,2.1,856.46
17,26,driving-car,1.05,2.6,321.79
17,27,driving-car,7.46,11.4,329.28
17,28,driving-car,5.83,8.8,319.23
17,29,driving-car,5.2,7.1,900.42
17,30,driving-car,8.76,12.3,789.12
17,31,driving-car,3.31,5.1,625.78
17,32,driving-car,9.59,10.8,518.79
17,33,driving-car,5.2,7.1,956.78
17,34,driving-car,10.54,15.4,555.48
17,35,driving-car,10.21,14.4,934.91
17,36,driving-car,17.31,21.7,644.89
17,37,driving-car,10.66,14.6,542.37
17,38,driving-car,6.06,9.3,589.3
17,39,driving-car,59.68,44.9,867.02
17,40,driving-car,59.55,44.7,1267.52
17,41,driving-car,61.04,43.8,1060.31
17,42,driving-car,10.73,14.9,412.6
17,43,driving-car,33.03,35.7,1182.36
17,44,driving-car,61.5,45.3,957.5
17,45,driving-car,64.98,48.0,1132.52
18,1,driving-car,18.61,19.3,1074.59
18,2,driving-car,32.7,32.4,931.91
18,3,driving-car,15.65,20.7,343.26
18,4,driving-car,37.18,33.2,1251.79
18,5,driving-car,36.14,38.2,962.56
18,6,driving-car,47.98,39.6,797.75
18,7,driving-car,74.99,61.7,858.75
18,8,driving-car,21.35,21.2,993.92
18,9,driving-car,62.71,50.0,1180.96
18,10,driving-car,50.57,41.8,998.46
18,11,driving-car,81.12,62.3,1594.76
18,12,driving-car,14.93,15.3,942.75
18,13,driving-car,7.94,10.9,321.62
18,14,driving-car,3.78,5.3,438.62
18,15,driving-car,2.41,5.1,372.8
18,16,driving-car,6.36,9.5,844.39
18,17,driving-car,12.88,17.3,248.84
18,19,driving-car,12.42,13.8,728.34
18,20,driving-car,56.24,49.6,1252.75
18,21,driving-car,5.58,8.0,958.86
18,22,driving-car,4.53,6.6,470.82
18,23,driving-car,12.36,13.6,954.15
18,24,driving-car,55.5,44.6,659.82
18,25,driving-car,13.58,17.6,985.37
18,26,driving-car,13.67,19.3,338.93
18,27,driving-car,12.59,16.6,574.19
18,28,driving-car,11.79,13.1,928.6
18,29,driving-car,20.03,23.3,403.67
18,30,driving-car,4.95,6.3,372.0
18,31,driving-car,17.45,20.3,900.68
18,32,driving-car,23.14,22.2,941.65
18,33,driving-car,20.03,23.3,845.77
18,34,driving-car,28.15,29.2,958.25
18,35,driving-car,27.82,28.1,819.51
18,36,driving-car,12.74,16.3,444.3
18,37,driving-car,7.45,11.5,493.06
18,38,driving-car,8.75,10.8,353.82
18,39,driving-car,48.99,42.6,1322.53
18,40,driving-car,49.21,42.5,1031.84
18,41,driving-car,49.18,41.3,867.3
18,42,driving-car,7.52,11.8,598.19
18,43,driving-car,33.16,38.6,1226.34
18,44,driving-car,49.65,42.8,648.54
18,45,driving-car,53.12,45.6,1067.63
19,1,driving-car,6.91,7.9,633.71
19,2,driving-car,35.55,34.4,943.21
19,3,driving-car,18.5,22.6,274.3
19,4,driving-car,40.02,35.1,1213.58
19,5,driving-car,21.96,26.7,1123.09
19,6,driving-car,56.14,38.7,1074.31
19,7,driving-car,85.7,60.9,1465.34
19,8,driving-car,24.19,23.1,1132.27
19,9,driving-car,72.22,49.3,1344.99
19,10,driving-car,60.07,41.1,736.42
19,11,driving-car,81.53,55.2,1313.23
19,12,driving-car,17.77,17.3,798.93
19,13,driving-car,9.55,11.6,577.3
19,14,driving-car,7.96,11.5,848.04
19,15,driving-car,12.13,16.5,1054.34
19,16,driving-car,8.33,10.7,1020.66
19,17,driving-car,3.4,5.5,561.36
19,18,driving-car,12.25,17.3,316.16
19,20,driving-car,65.74,48.8,1536.52
19,21,driving-car,11.21,14.0,961.98
19,22,driving-car,9.29,11.7,306.08
19,23,driving-car,0.1,0.3,968.76
19,24,driving-car,65.01,43.8,1426.5
19,25,driving-car,4.5,7.1,629.7
19,26,driving-car,4.02,6.2,691.78
19,27,driving-car,4.5,6.8,521.85
19,28,driving-car,2.87,4.1,201.45
19,29,driving-car,7.77,10.0,485.68
19,30,driving-car,6.67,9.9,899.42
19,31,driving-car,5.2,7.0,171.47
19,32,driving-car,11.44,10.8,508.73
19,33,driving-car,7.77,10.0,542.35
19,34,driving-car,16.45,17.8,727.31
19,35,driving-car,16.12,16.7,1069.21
19,36,driving-car,14.35,17.0,540.66
19,37,driving-car,7.71,10.0,495.88
19,38,driving-car,4.63,6.2,827.34
19,39,driving-car,57.33,41.7,982.8
19,40,driving-car,57.2,41.5,776.84
19,41,driving-car,58.69,40.5,994.57
19,42,driving-car,7.78,10.3,310.84
19,43,driving-car,30.68,32.5,512.69
19,44,driving-car,59.15,42.1,1039.8
19,45,driving-car,62.63,44.8,999.2
20,1,driving-car,67.92,46.6,1493.14
20,2,driving-car,34.96,32.5,714.33
20,3,driving-car,49.64,43.7,1032.97
20,4,driving-car,24.01,22.0,869.62
20,5,driving-car,84.5,61.2,837.54
20,6,driving-car,12.29,12.2,811.71
20,7,driving-car,21.38,21.4,439.77
20,8,driving-car,40.79,33.8,1300.17
20,9,driving-car,9.1,9.7,326.45
20,10,driving-car,9.17,10.4,566.26
20,11,driving-car,29.31,27.5,419.79
20,12,driving-car,43.0,34.1,1351.19
20,13,driving-car,52.54,43.3,987.07
20,14,driving-car,58.05,50.6,1117.77
20,15,driving-car,56.47,48.2,628.87
20,16,driving-car,51.98,41.1,1205.29
20,17,driving-car,67.98,49.3,859.24
20,18,driving-car,58.44,50.6,1393.49
20,19,driving-car,67.33,46.2,849.1
20,21,driving-car,52.61,42.1,707.31
20,22,driving-car,54.29,44.4,582.85
20,23,driving-car,67.27,46.0,1088.79
20,24,driving-car,3.64,6.7,665.52
20,25,driving-car,69.09,50.9,739.45
20,26,driving-car,69.11,48.8,1378.46
20,27,driving-car,66.46,46.8,1064.6
20,28,driving-car,66.7,45.5,1130.75
20,29,driving-car,72.87,52.6,1111.02
20,30,driving-car,72.37,51.4,1070.52
20,31,driving-car,70.29,49.6,1194.79
20,32,driving-car,69.64,46.3,824.98
20,33,driving-car,72.87,52.6,878.07
20,34,driving-car,77.46,56.5,1531.25
20,35,driving-car,77.13,55.4,1604.17
20,36,driving-car,51.57,42.7,862.83
20,37,driving-car,53.49,44.6,786.84
20,38,driving-car,68.46,47.6,1254.24
20,39,driving-car,13.22,15.2,588.9
20,40,driving-car,13.52,15.2,245.99
20,41,driving-car,11.48,12.1,349.4
20,42,driving-car,53.55,44.9,1188.05
20,43,driving-car,53.02,45.3,1132.2
20,44,driving-car,12.71,13.8,241.86
20,45,driving-car,9.35,12.1,394.05
21,1,driving-car,16.5,17.3,451.97
21,2,driving-car,27.54,25.6,933.52
21,3,driving-car,10.49,13.8,219.67
21,4,driving-car,32.02,26.3,458.36
21,5,driving-car,34.03,36.1,1100.66
21,6,driving-car,42.81,32.7,613.07
21,7,driving-car,69.83,54.9,1274.44
21,8,driving-car,16.19,14.3,456.19
21,9,driving-car,57.55,43.2,667.17
21,10,driving-car,45.4,35.0,693.25
21,11,driving-car,75.96,55.5,1392.18
21,12,driving-car,9.76,8.5,967.07
21,13,driving-car,4.2,6.3,908.0
21,14,driving-car,8.51,10.3,546.28
21,15,driving-car,4.26,7.1,762.47
21,16,driving-car,2.48,3.9,334.11
21,17,driving-car,13.54,16.7,487.11
21,18,driving-car,6.16,9.4,980.24
21,19,driving-car,10.31,11.8,212.37
21,20,driving-car,51.07,42.7,599.56
21,22,driving-car,3.09,4.3,340.69
21,23,driving-car,10.25,11.5,224.13
21,24,driving-car,50.33,37.7,679.59
21,25,driving-car,14.64,18.4,755.72
21,26,driving-car,14.16,17.5,606.9
21,27,driving-car,10.47,14.6,1005.19
21,28,driving-car,9.68,11.1,932.12
21,29,driving-car,17.92,21.3,561.58
21,30,driving-car,9.68,11.3,429.9
21,31,driving-car,15.34,18.3,577.6
21,32,driving-car,21.03,20.2,808.01
21,33,driving-car,17.92,21.3,495.2
21,34,driving-car,26.04,27.2,878.55
21,35,driving-car,25.71,26.1,682.65
21,36,driving-car,9.01,11.7,688.9
21,37,driving-car,5.13,7.5,559.35
21,38,driving-car,9.77,12.0,462.02
21,39,driving-car,43.82,35.7,1314.58
21,40,driving-car,44.04,35.7,1150.09
21,41,driving-car,44.02,34.4,588.77
21,42,driving-car,5.19,7.8,948.85
21,43,driving-car,28.24,33.2,773.11
21,44,driving-car,44.48,36.0,1271.68
21,45,driving-car,47.95,38.7,1215.95
22,1,driving-car,15.75,15.4,621.44
22,2,driving-car,30.03,28.6,368.96
22,3,driving-car,12.99,16.8,461.24
22,4,driving-car,34.51,29.3,872.05
22,5,driving-car,33.28,34.3,944.87
22,6,driving-car,45.31,35.7,705.73
22,7,driving-car,72.33,57.9,834.89
22,8,driving-car,18.68,17.3,1010.7
22,9,driving-car,60.05,46.2,1484.91
22,10,driving-car,47.9,38.0,968.77
22,11,driving-car,78.46,58.5,919.15
22,12,driving-car,12.26,11.5,459.4
22,13,driving-car,4.51,6.3,179.36
22,14,driving-car,7.4,9.0,1004.47
22,15,driving-car,3.07,5.7,259.43
22,16,driving-car,2.93,4.9,671.41
22,17,driving-car,12.79,14.9,464.68
22,18,driving-car,5.04,8.1,665.02
22,19,driving-car,9.56,9.9,781.92
22,20,driving-car,53.57,45.7,1290.62
22,21,driving-car,2.91,4.2,338.19
22,23,driving-car,9.5,9.7,205.15
22,24,driving-car,52.83,40.7,660.75
22,25,driving-car,13.89,16.5,1035.75
22,26,driving-car,13.41,15.6,1008.87
22,27,driving-car,9.72,12.7,734.35
22,28,driving-car,8.93,9.2,732.02
22,29,driving-car,17.17,19.5,847.22
22,30,driving-car,8.57,10.0,347.03
22,31,driving-car,14.59,16.4,1053.6
22,32,driving-car,20.28,18.4,647.63
22,33,driving-car,17.17,19.5,593.51
22,34,driving-car,25.29,25.3,777.85
22,35,driving-car,24.96,24.2,350.45
22,36,driving-car,9.32,11.8,343.74
22,37,driving-car,5.44,7.6,833.09
22,38,driving-car,9.02,10.2,266.65
22,39,driving-car,46.32,38.7,1025.06
22,40,driving-car,46.54,38.7,704.9
22,41,driving-car,46.51,37.4,834.2
22,42,driving-car,5.5,7.8,429.07
22,43,driving-car,31.16,34.5,677.89
22,44,driving-car,46.98,39.0,1134.97
22,45,driving-car,50.45,41.7,784.74
23,1,driving-car,6.8,7.6,687.46
23,2,driving-car,35.44,34.1,820.47
23,3,driving-car,18.39,22.4,854.53
23,4,driving-car,39.92,34.9,1271.01
23,5,driving-car,21.86,26.4,942.69
23,6,driving-car,56.04,38.4,758.29
23,7,driving-car,85.59,60.6,865.26
23,8,driving-car,24.09,22.8,537.26
23,9,driving-car,72.12,49.0,1243.15
23,10,driving-car,59.97,40.8,644.53
23,11,driving-car,81.43,54.9,1240.25
23,12,driving-car,17.66,17.0,789.28
23,13,driving-car,9.44,11.3,495.68
23,14,driving-car,7.86,11.2,878.41
23,15,driving-car,12.02,16.3,308.58
23,16,driving-car,8.23,10.5,254.62
23,17,driving-car,3.29,5.2,810.25
23,18,driving-car,12.14,17.0,659.42
23,19,driving-car,0.38,1.1,759.56
23,20,driving-car,65.64,48.5,1040.6
23,21,driving-car,11.1,13.7,427.96
23,22,driving-car,9.18,11.4,930.36
23,24,driving-car,64.9,43.6,1362.07
23,25,driving-car,4.39,6.9,787.26
23,26,driving-car,3.92,5.9,403.91
23,27,driving-car,4.4,6.5,693.31
23,28,driving-car,2.77,3.8,476.39
23,29,driving-car,7.67,9.8,265.77
23,30,driving-car,6.56,9.7,1001.72
23,31,driving-car,5.09,6.8,289.73
23,32,driving-car,11.33,10.5,1063.02
23,33,driving-car,7.67,9.8,584.76
23,34,driving-car,16.34,17.5,409.5
23,35,driving-car,16.02,16.4,728.35
23,36,driving-car,14.25,16.8,1013.9
23,37,driving-car,7.6,9.7,841.9
23,38,driving-car,4.53,6.0,888.86
23,39,driving-car,57.22,41.5,1167.78
23,40,driving-car,57.1,41.2,1196.9
23,41,driving-car,58.58,40.3,1350.71
23,42,driving-car,7.67,10.0,408.05
23,43,driving-car,30.58,32.2,793.62
23,44,driving-car,59.05,41.8,789.51
23,45,driving-car,62.52,44.5,1510.08
24,1,driving-car,66.15,42.8,1503.5
24,2,driving-car,33.19,28.7,409.5
24,3,driving-car,47.87,39.9,1130.41
24,4,driving-car,22.24,18.2,1119.14
24,5,driving-car,82.72,57.4,969.58
24,6,driving-car,10.52,8.4,713.29
24,7,driving-car,19.61,17.6,1089.71
24,8,driving-car,39.02,30.0,451.21
24,9,driving-car,7.33,5.9,808.83
24,10,driving-car,7.4,6.6,449.21
24,11,driving-car,27.54,23.7,1160.78
24,12,driving-car,41.23,30.3,1312.9
24,13,driving-car,50.77,39.5,1369.89
24,14,driving-car,56.28,46.8,993.67
24,15,driving-car,54.7,44.4,1329.29
24,16,driving-car,50.21,37.3,1275.38
24,17,driving-car,66.21,45.4,941.58
24,18,driving-car,56.67,46.8,1316.22
24,19,driving-car,65.56,42.4,681.85
24,20,driving-car,5.92,9.2,708.62
24,21,driving-car,50.84,38.3,727.65
24,22,driving-car,52.52,40.6,643.43
24,23,driving-car,65.5,42.1,717.26
24,25,driving-car,67.31,47.1,1290.95
24,26,driving-car,67.34,44.9,970.45
24,27,driving-car,64.69,42.9,1293.0
24,28,driving-car,64.93,41.7,701.69
24,29,driving-car,71.1,48.8,982.16
24,30,driving-car,70.6,47.6,1179.44
24,31,driving-car,68.52,45.8,1386.83
24,32,driving-car,67.87,42.5,956.21
24,33,driving-car,71.1,48.8,1261.7
24,34,driving-car,75.69,52.7,1537.09
24,35,driving-car,75.36,51.6,1291.02
24,36,driving-car,49.8,38.9,721.46
24,37,driving-car,51.72,40.8,550.08
24,38,driving-car,66.69,43.8,1441.8
24,39,driving-car,11.45,11.4,227.79
24,40,driving-car,11.75,11.4,997.98
24,41,driving-car,9.71,8.2,672.66
24,42,driving-car,51.78,41.0,1373.79
24,43,driving-car,51.25,41.4,1243.02
24,44,driving-car,10.94,10.0,1103.22
24,45,driving-car,7.58,8.3,498.41
25,1,driving-car,6.13,9.8,863.81
25,2,driving-car,39.46,39.7,785.92
25,3,driving-car,22.41,28.0,719.67
25,4,driving-car,43.94,40.5,1026.74
25,5,driving-car,22.32,25.2,1073.37
25,6,driving-car,59.56,43.8,1480.44
25,7,driving-car,89.12,66.1,1565.71
25,8,driving-car,28.11,28.4,709.37
25,9,driving-car,75.64,54.4,1118.48
25,10,driving-car,63.5,46.2,1293.82
25,11,driving-car,84.96,60.4,1045.48
25,12,driving-car,21.68,22.6,381.37
25,13,driving-car,13.46,17.0,541.88
25,14,driving-car,10.15,13.8,458.07
25,15,driving-car,15.27,20.3,502.07
25,16,driving-car,12.25,16.1,424.5
25,17,driving-car,1.07,1.9,178.33
25,18,driving-car,14.43,19.6,245.6
25,19,driving-car,4.58,8.0,1052.22
25,20,driving-car,69.17,53.9,1066.03
25,21,driving-car,15.12,19.4,580.23
25,22,driving-car,13.2,17.0,832.58
25,23,driving-car,5.41,8.0,365.09
25,24,driving-car,68.43,49.0,1529.34
25,26,driving-car,2.12,4.5,854.99
25,27,driving-car,8.41,12.2,268.63
25,28,driving-car,6.78,9.5,553.39
25,29,driving-car,4.24,7.1,952.27
25,30,driving-car,8.85,12.2,1041.29
25,31,driving-car,4.38,7.0,582.63
25,32,driving-car,10.66,12.7,755.19
25,33,driving-car,4.24,7.1,311.39
25,34,driving-car,9.57,15.4,1087.75
25,35,driving-car,9.25,14.4,402.12
25,36,driving-car,18.26,22.4,1104.78
25,37,driving-car,11.62,15.3,794.52
25,38,driving-car,6.15,9.2,720.43
25,39,driving-car,60.75,46.9,1066.67
25,40,driving-car,60.62,46.6,811.68
25,41,driving-car,62.11,45.7,776.37
25,42,driving-car,11.69,15.6,408.77
25,43,driving-car,34.1,37.6,549.09
25,44,driving-car,62.57,47.2,1323.26
25,45,driving-car,66.05,49.9,968.06
26,1,driving-car,4.17,5.9,212.67
26,2,driving-car,42.23,36.3,1319.64
26,3,driving-car,21.27,27.1,1074.07
26,4,driving-car,42.8,39.6,1287.28
26,5,driving-car,19.54,23.7,1160.7
26,6,driving-car,57.61,40.0,734.7
26,7,driving-car,87.16,62.2,1210.3
26,8,driving-car,26.97,27.5,1006.67
26,9,driving-car,73.69,50.6,1348.13
26,10,driving-car,61.54,42.4,750.87
26,11,driving-car,83.0,56.5,1544.25
26,12,driving-car,20.54,21.7,474.82
26,13,driving-car,12.32,16.0,416.18
26,14,driving-car,10.14,14.3,682.76
26,15,driving-car,15.27,20.8,769.04
26,16,driving-car,11.11,15.2,728.35
26,17,driving-car,1.01,3.5,222.4
26,18,driving-car,14.43,20.1,1019.22
26,19,driving-car,4.33,7.3,400.68
26,20,driving-car,67.21,50.1,779.95
26,21,driving-car,13.98,18.4,1026.23
26,22,driving-car,12.06,16.1,1073.01
26,23,driving-car,4.28,7.1,937.23
26,24,driving-car,66.47,45.1,1385.29
26,25,driving-car,2.92,5.3,742.2
26,27,driving-car,8.73,10.1,686.02
26,28,driving-car,5.65,8.6,248.51
26,29,driving-car,4.79,6.5,532.25
26,30,driving-car,8.85,12.8,526.45
26,31,driving-car,2.78,4.0,385.35
26,32,driving-car,8.7,8.9,841.13
26,33,driving-car,4.79,6.5,610.93
26,34,driving-car,10.13,14.8,272.35
26,35,driving-car,9.8,13.7,395.36
26,36,driving-car,17.13,21.5,863.34
26,37,driving-car,10.48,14.4,270.38
26,38,driving-car,6.15,9.8,939.56
26,39,driving-car,58.79,43.0,1033.85
26,40,driving-car,58.66,42.8,1019.64
26,41,driving-car,60.15,41.9,1133.02
26,42,driving-car,10.55,14.7,944.56
26,43,driving-car,32.15,33.8,678.73
26,44,driving-car,60.62,43.4,1214.29
26,45,driving-car,64.09,46.1,1144.47
27,1,driving-car,7.72,9.8,424.01
27,2,driving-car,36.74,35.4,1193.19
27,3,driving-car,19.69,23.6,984.01
27,4,driving-car,41.22,36.2,1031.48
27,5,driving-car,25.26,28.7,1076.1
27,6,driving-car,55.95,40.3,1344.64
27,7,driving-car,85.5,62.5,1473.78
27,8,driving-car,25.39,24.1,1064.93
27,9,driving-car,72.03,50.9,1334.49
27,10,driving-car,59.88,42.7,1209.61
27,11,driving-car,81.34,56.8,1349.32
27,12,driving-car,18.96,18.3,938.66
27,13,driving-car,10.74,12.6,346.42
27,14,driving-car,11.03,12.6,998.49
27,15,driving-car,13.33,17.5,1006.47
27,16,driving-car,9.53,11.7,221.76
27,17,driving-car,7.93,10.8,928.29
27,18,driving-car,15.32,18.4,351.72
27,19,driving-car,4.69,5.8,465.59
27,20,driving-car,65.55,50.4,1317.61
27,21,driving-car,12.41,15.0,360.05
27,22,driving-car,10.48,12.7,938.03
27,23,driving-car,4.64,5.6,912.58
27,24,driving-car,64.81,45.4,1098.51
27,25,driving-car,9.03,12.4,197.94
27,26,driving-car,8.55,11.5,447.41
27,28,driving-car,4.07,5.1,715.18
27,29,driving-car,12.3,15.3,1097.67
27,30,driving-car,9.74,11.0,765.44
27,31,driving-car,9.73,12.3,430.57
27,32,driving-car,12.26,12.8,784.93
27,33,driving-car,12.31,15.3,700.66
27,34,driving-car,17.27,19.7,951.25
27,35,driving-car,16.94,18.7,343.36
27,36,driving-car,15.55,18.1,922.28
27,37,driving-car,8.9,11.0,678.49
27,38,driving-car,5.83,7.2,1038.08
27,39,driving-car,57.14,43.4,881.87
27,40,driving-car,57.01,43.1,1142.44
27,41,driving-car,58.5,42.2,1424.58
27,42,driving-car,8.97,11.3,284.07
27,43,driving-car,27.51,33.3,1172.09
27,44,driving-car,58.96,43.7,1208.76
27,45,driving-car,62.43,46.4,681.42
28,1,driving-car,7.49,8.5,453.06
28,2,driving-car,36.13,35.0,1034.89
28,3,driving-car,19.08,23.3,322.68
28,4,driving-car,40.61,35.8,957.64
28,5,driving-car,22.54,27.4,600.11
28,6,driving-car,56.72,39.3,1129.44
28,7,driving-car,86.28,61.6,885.61
28,8,driving-car,24.78,23.7,1091.12
28,9,driving-car,72.8,49.9,1589.84
28,10,driving-car,60.66,41.7,1476.43
28,11,driving-car,82.12,55.9,1475.45
28,12,driving-car,18.35,17.9,374.03
28,13,driving-car,10.13,12.3,881.85
28,14,driving-car,8.55,12.1,211.21
28,15,driving-car,12.71,17.2,237.38
28,16,driving-car,8.92,11.4,482.73
28,17,driving-car,3.98,6.1,599.15
28,18,driving-car,12.83,18.0,911.68
28,19,driving-car,0.75,1.1,754.97
28,20,driving-car,66.33,49.5,1056.78
28,21,driving-car,11.79,14.7,457.29
28,22,driving-car,9.87,12.3,1095.07
28,23,driving-car,0.69,0.9,523.56
28,24,driving-car,65.59,44.5,1055.06
28,25,driving-car,5.08,7.8,313.78
28,26,driving-car,4.6,6.9,878.73
28,27,driving-car,5.08,7.5,790.83
28,29,driving-car,8.36,10.7,386.53
28,30,driving-car,7.25,10.6,254.76
28,31,driving-car,5.78,7.7,783.52
28,32,driving-car,12.02,11.5,801.7
28,33,driving-car,8.36,10.7,433.77
28,34,driving-car,17.03,18.4,1103.49
28,35,driving-car,16.7,17.3,381.35
28,36,driving-car,14.94,17.7,622.18
28,37,driving-car,8.29,10.6,1036.63
28,38,driving-car,5.22,6.9,545.18
28,39,driving-car,57.91,42.4,1155.4
28,40,driving-car,57.78,42.1,937.46
28,41,driving-car,59.27,41.2,839.09
28,42,driving-car,8.36,10.9,1073.42
28,43,driving-car,31.27,33.1,727.06
28,44,driving-car,59.74,42.7,1400.98
28,45,driving-car,63.21,45.4,834.35
29,1,driving-car,7.5,9.2,374.04
29,2,driving-car,45.55,39.5,503.69
29,3,driving-car,24.74,30.5,892.92
29,4,driving-car,46.26,43.0,813.38
29,5,driving-car,21.02,21.9,1054.58
29,6,driving-car,60.93,43.2,1032.76
29,7,driving-car,90.49,65.5,1760.01
29,8,driving-car,30.43,31.0,518.91
29,9,driving-car,77.01,53.8,1533.35
29,10,driving-car,64.87,45.6,1341.27
29,11,driving-car,86.33,59.7,1538.79
29,12,driving-car,24.01,25.1,1060.88
29,13,driving-car,15.79,19.5,923.95
29,14,driving-car,13.88,18.4,789.26
29,15,driving-car,18.37,24.4,375.21
29,16,driving-car,14.57,18.6,259.76
29,17,driving-car,5.06,8.4,995.15
29,18,driving-car,18.17,24.3,810.68
29,19,driving-car,7.8,10.8,901.08
29,20,driving-car,70.54,53.3,1126.73
29,21,driving-car,17.45,21.9,356.23
29,22,driving-car,15.53,19.5,349.88
29,23,driving-car,7.74,10.5,800.82
29,24,driving-car,69.8,48.4,1073.98
29,25,driving-car,3.68,7.1,337.89
29,26,driving-car,4.06,5.6,602.33
29,27,driving-car,12.06,13.3,270.71
29,28,driving-car,9.11,12.0,716.49
29,30,driving-car,12.59,16.9,458.72
29,31,driving-car,3.8,4.7,876.0
29,32,driving-car,12.03,12.1,492.04
29,33,driving-car,0.0,0.0,549.7
29,34,driving-car,8.27,12.1,197.71
29,35,driving-car,7.95,11.0,250.38
29,36,driving-car,20.59,24.9,626.46
29,37,driving-car,13.95,17.8,658.09
29,38,driving-car,9.89,13.9,737.8
29,39,driving-car,62.12,46.3,880.08
29,40,driving-car,61.99,46.0,1241.89
29,41,driving-car,63.48,45.1,1403.93
29,42,driving-car,14.02,18.1,928.51
29,43,driving-car,35.48,37.0,428.0
29,44,driving-car,63.94,46.6,1066.42
29,45,driving-car,67.42,49.3,759.72
30,1,driving-car,14.31,13.7,446.51
30,2,driving-car,36.45,35.3,1288.1
30,3,driving-car,19.4,23.6,392.55
30,4,driving-car,40.93,36.1,885.4
30,5,driving-car,31.84,32.6,919.56
30,6,driving-car,51.72,42.4,1160.34
30,7,driving-car,78.74,64.6,1270.84
30,8,driving-car,25.1,24.0,318.09
30,9,driving-car,66.46,52.9,950.46
30,10,driving-car,54.31,44.7,1016.07
30,11,driving-car,87.93,60.7,940.85
30,12,driving-car,18.67,18.2,574.75
30,13,driving-car,10.45,12.5,231.53
30,14,driving-car,1.47,2.3,213.77
30,15,driving-car,6.6,8.8,533.63
30,16,driving-car,9.24,11.7,313.0
30,17,driving-car,8.11,11.7,697.01
30,18,driving-car,5.76,8.1,791.46
30,19,driving-car,8.12,8.2,906.81
30,20,driving-car,59.98,52.4,778.47
30,21,driving-car,9.77,11.7,347.73
30,22,driving-car,8.72,10.3,284.29
30,23,driving-car,8.06,8.0,758.68
30,24,driving-car,59.24,47.4,1227.87
30,25,driving-car,8.81,12.0,219.2
30,26,driving-car,8.9,13.7,1033.94
30,27,driving-car,8.29,11.0,234.15
30,28,driving-car,7.49,7.5,669.36
30,29,driving-car,15.73,17.7,876.76
30,31,driving-car,13.15,14.7,1004.42
30,32,driving-car,18.84,16.6,903.06
30,33,driving-car,15.73,17.7,960.17
30,34,driving-car,23.85,23.6,604.81
30,35,driving-car,23.52,22.5,1030.0
30,36,driving-car,15.26,18.0,307.42
30,37,driving-car,8.61,10.9,994.8
30,38,driving-car,3.98,5.2,652.2
30,39,driving-car,52.73,45.4,1272.27
30,40,driving-car,52.95,45.4,945.67
30,41,driving-car,52.93,44.1,1117.62
30,42,driving-car,8.68,11.2,663.68
30,43,driving-car,34.32,38.0,1041.49
30,44,driving-car,53.39,45.7,615.78
30,45,driving-car,56.86,48.4,626.13
31,1,driving-car,6.38,7.8,397.36
31,2,driving-car,44.44,38.1,609.83
31,3,driving-car,23.63,29.1,1082.15
31,4,driving-car,45.15,41.6,669.56
31,5,driving-car,16.93,20.0,1125.29
31,6,driving-car,59.82,41.8,900.18
31,7,driving-car,89.37,64.1,1040.79
31,8,driving-car,29.32,29.5,1053.79
31,9,driving-car,75.9,52.4,1334.44
31,10,driving-car,63.75,44.2,1080.63
31,11,driving-car,85.21,58.3,1333.03
31,12,driving-car,22.9,23.7,938.98
31,13,driving-car,14.67,18.1,436.8
31,14,driving-car,12.77,17.0,1114.59
31,15,driving-car,17.26,23.0,1126.63
31,16,driving-car,13.46,17.2,808.01
31,17,driving-car,3.94,7.0,338.7
31,18,driving-car,17.06,22.9,860.13
31,19,driving-car,6.69,9.4,241.96
31,20,driving-car,69.42,51.9,710.87
31,21,driving-car,16.34,20.5,474.79
31,22,driving-car,14.42,18.1,645.8
31,23,driving-car,6.63,9.1,958.04
31,24,driving-car,68.69,47.0,1331.16
31,25,driving-car,5.86,8.7,840.03
31,26,driving-car,2.95,4.2,535.61
31,27,driving-car,10.94,11.9,516.42
31,28,driving-car,8.0,10.6,519.43
31,29,driving-car,5.37,6.6,1057.29
31,30,driving-car,11.48,15.5,244.96
31,32,driving-car,10.92,10.7,985.27
31,33,driving-car,5.37,6.6,689.22
31,34,driving-car,8.9,11.5,586.1
31,35,driving-car,8.58,10.5,842.0
31,36,driving-car,19.48,23.5,702.86
31,37,driving-car,12.83,16.4,1004.39
31,38,driving-car,8.78,12.5,1001.2
31,39,driving-car,61.01,44.9,987.14
31,40,driving-car,60.88,44.6,855.57
31,41,driving-car,62.37,43.7,1152.95
31,42,driving-car,12.9,16.7,1039.93
31,43,driving-car,34.36,35.6,572.98
31,44,driving-car,62.83,45.2,1184.64
31,45,driving-car,66.31,47.9,1223.69
32,1,driving-car,5.61,5.5,829.77
32,2,driving-car,41.85,32.2,562.64
32,3,driving-car,26.04,26.9,961.06
32,4,driving-car,47.67,36.6,1311.83
32,5,driving-car,21.58,22.3,442.85
32,6,driving-car,57.23,35.9,788.74
32,7,driving-car,86.78,58.2,1723.95
32,8,driving-car,31.73,27.3,525.22
32,9,driving-car,73.31,46.5,1487.24
32,10,driving-car,61.16,38.3,1051.99
32,11,driving-car,82.62,52.5,1028.52
32,12,driving-car,25.31,21.5,1094.65
32,13,driving-car,17.09,15.9,648.9
32,14,driving-car,17.37,15.8,713.43
32,15,driving-car,19.67,20.8,589.5
32,16,driving-car,15.87,15.0,773.25
32,17,driving-car,7.07,9.6,326.62
32,18,driving-car,21.66,21.7,633.75
32,19,driving-car,11.04,9.0,1078.25
32,20,driving-car,66.83,46.1,892.29
32,21,driving-car,18.75,18.3,850.81
32,22,driving-car,16.83,15.9,538.98
32,23,driving-car,10.98,8.8,901.49
32,24,driving-car,66.09,41.1,771.1
32,25,driving-car,8.98,11.4,1064.71
32,26,driving-car,6.98,7.8,587.28
32,27,driving-car,10.17,9.6,412.14
32,28,driving-car,10.41,8.4,267.52
32,29,driving-car,10.74,11.6,356.46
32,30,driving-car,16.08,14.3,708.86
32,31,driving-car,8.16,8.6,489.84
32,33,driving-car,10.74,11.6,949.68
32,34,driving-car,15.31,15.5,623.47
32,35,driving-car,14.98,14.4,457.2
32,36,driving-car,21.89,21.3,839.05
32,37,driving-car,15.25,14.2,871.35
32,38,driving-car,12.17,10.5,364.03
32,39,driving-car,58.41,39.0,735.84
32,40,driving-car,58.29,38.7,616.97
32,41,driving-car,59.77,37.8,1259.31
32,42,driving-car,15.32,14.5,833.16
32,43,driving-car,31.75,31.7,789.67
32,44,driving-car,60.24,39.3,1360.41
32,45,driving-car,63.71,42.1,1356.99
33,1,driving-car,7.5,9.2,709.07
33,2,driving-car,45.55,39.5,1257.11
33,3,driving-car,24.74,30.5,491.68
33,4,driving-car,46.26,43.0,582.44
33,5,driving-car,21.02,21.9,519.43
33,6,driving-car,60.93,43.2,658.25
33,7,driving-car,90.49,65.5,1366.69
33,8,driving-car,30.43,31.0,1194.89
33,9,driving-car,77.01,53.8,787.0
33,10,driving-car,64.87,45.6,752.23
33,11,driving-car,86.33,59.7,1251.94
33,12,driving-car,24.01,25.1,1141.07
33,13,driving-car,15.79,19.5,523.57
33,14,driving-car,13.88,18.4,682.17
33,15,driving-car,18.37,24.4,294.51
33,16,driving-car,14.57,18.6,364.0
33,17,driving-car,5.06,8.4,1054.36
33,18,driving-car,18.17,24.3,1124.3
33,19,driving-car,7.8,10.8,188.65
33,20,driving-car,70.54,53.3,1549.99
33,21,driving-car,17.45,21.9,825.86
33,22,driving-car,15.53,19.5,1018.34
33,23,driving-car,7.74,10.5,593.08
33,24,driving-car,69.8,48.4,1150.74
33,25,driving-car,3.68,7.1,597.38
33,26,driving-car,4.06,5.6,760.07
33,27,driving-car,12.06,13.3,338.61
33,28,driving-car,9.11,12.0,219.7
33,29,driving-car,0.0,0.0,417.14
33,30,driving-car,12.59,16.9,850.84
33,31,driving-car,3.8,4.7,339.87
33,32,driving-car,12.03,12.1,818.8
33,34,driving-car,8.27,12.1,1060.17
33,35,driving-car,7.95,11.0,269.69
33,36,driving-car,20.59,24.9,878.56
33,37,driving-car,13.95,17.9,625.53
33,38,driving-car,9.89,13.9,979.11
33,39,driving-car,62.12,46.3,777.01
33,40,driving-car,61.99,46.0,1239.77
33,41,driving-car,63.48,45.1,1384.12
33,42,driving-car,14.02,18.1,1076.79
33,43,driving-car,35.48,37.0,1007.26
33,44,driving-car,63.94,46.6,1081.42
33,45,driving-car,67.42,49.3,1221.34
34,1,driving-car,12.11,12.7,995.28
34,2,driving-car,50.16,43.0,1028.41
34,3,driving-car,32.54,34.1,396.17
34,4,driving-car,54.06,46.6,1385.86
34,5,driving-car,11.95,19.2,832.72
34,6,driving-car,65.54,46.7,1257.22
34,7,driving-car,95.1,69.0,1131.16
34,8,driving-car,38.23,34.5,1007.34
34,9,driving-car,81.63,57.3,1150.1
34,10,driving-car,69.48,49.1,1269.93
34,11,driving-car,90.94,63.3,989.3
34,12,driving-car,31.81,28.7,955.04
34,13,driving-car,23.58,23.1,1196.61
34,14,driving-car,23.87,23.0,342.85
34,15,driving-car,26.17,28.0,1197.32
34,16,driving-car,22.37,22.2,653.68
34,17,driving-car,10.47,16.1,985.47
34,18,driving-car,28.16,28.9,1037.93
34,19,driving-car,17.54,16.2,761.59
34,20,driving-car,75.15,56.9,1399.45
34,21,driving-car,25.25,25.5,1101.16
34,22,driving-car,23.33,23.1,658.87
34,23,driving-car,17.48,16.0,545.19
34,24,driving-car,74.41,51.9,1329.02
34,25,driving-car,9.1,14.8,919.71
34,26,driving-car,9.48,13.3,881.18
34,27,driving-car,16.67,16.8,963.22
34,28,driving-car,16.91,15.6,638.89
34,29,driving-car,5.68,8.5,906.47
34,30,driving-car,22.58,21.5,397.33
34,31,driving-car,8.46,10.6,678.53
34,32,driving-car,16.64,15.6,250.16
34,33,driving-car,5.68,8.5,462.55
34,35,driving-car,0.33,1.1,469.82
34,36,driving-car,28.39,28.5,692.18
34,37,driving-car,21.74,21.4,908.34
34,38,driving-car,18.67,17.7,608.89
34,39,driving-car,66.73,49.8,1062.89
34,40,driving-car,66.6,49.5,871.69
34,41,driving-car,68.09,48.6,1007.24
34,42,driving-car,21.81,21.7,487.52
34,43,driving-car,40.09,40.5,495.15
34,44,driving-car,68.56,50.1,1218.64
34,45,driving-car,72.03,52.9,1308.16
35,1,driving-car,11.78,11.6,768.5
35,2,driving-car,49.84,42.0,929.28
35,3,driving-car,32.21,33.0,707.99
35,4,driving-car,53.74,45.5,1322.29
35,5,driving-car,11.62,18.1,677.01
35,6,driving-car,65.22,45.7,1076.74
35,7,driving-car,94.77,67.9,956.66
35,8,driving-car,37.91,33.5,718.9
35,9,driving-car,81.3,56.3,1134.33
35,10,driving-car,69.15,48.1,1039.79
35,11,driving-car,90.61,62.2,1412.06
35,12,driving-car,31.48,27.7,840.58
35,13,driving-car,23.26,22.0,841.69
35,14,driving-car,23.55,22.0,985.29
35,15,driving-car,25.84,26.9,1046.91
35,16,driving-car,22.05,21.1,931.21
35,17,driving-car,10.15,15.0,1059.52
35,18,driving-car,27.83,27.8,347.55
35,19,driving-car,17.21,15.2,425.17
35,20,driving-car,74.82,55.8,738.69
35,21,driving-car,24.92,24.4,890.59
35,22,driving-car,23.0,22.1,1100.73
35,23,driving-car,17.15,15.0,467.68
35,24,driving-car,74.08,50.8,1559.55
35,25,driving-car,8.77,13.7,244.74
35,26,driving-car,9.15,12.3,1033.96
35,27,driving-car,16.34,15.8,559.34
35,28,driving-car,16.58,14.5,335.84
35,29,driving-car,5.35,7.4,605.56
35,30,driving-car,22.25,20.4,517.6
35,31,driving-car,8.14,9.6,442.8
35,32,driving-car,16.32,14.6,519.3
35,33,driving-car,5.35,7.4,891.0
35,34,driving-car,0.33,1.1,625.25
35,36,driving-car,28.06,27.4,613.16
35,37,driving-car,21.42,20.4,829.16
35,38,driving-car,18.34,16.6,901.42
35,39,driving-car,66.41,48.7,901.55
35,40,driving-car,66.28,48.5,1027.21
35,41,driving-car,67.77,47.5,778.13
35,42,driving-car,21.49,20.7,443.45
35,43,driving-car,39.76,39.5,1039.59
35,44,driving-car,68.23,49.1,835.86
35,45,driving-car,71.7,51.8,1176.45
36,1,driving-car,17.44,17.1,888.72
36,2,driving-car,26.47,26.0,416.45
36,3,driving-car,4.89,9.8,675.86
36,4,driving-car,30.94,26.8,586.93
36,5,driving-car,34.14,33.8,1248.25
36,6,driving-car,41.74,33.1,878.48
36,7,driving-car,68.76,55.3,1402.73
36,8,driving-car,15.11,14.7,729.47
36,9,driving-car,56.48,43.6,607.65
36,10,driving-car,44.33,35.4,1035.15
36,11,driving-car,74.89,55.9,1588.77
36,12,driving-car,8.69,8.9,731.43
36,13,driving-car,5.63,6.7,907.36
36,14,driving-car,12.49,17.2,1011.72
36,15,driving-car,11.56,15.8,414.69
36,16,driving-car,6.68,9.1,367.76
36,17,driving-car,17.5,19.8,800.88
36,18,driving-car,13.53,18.2,593.14
36,19,driving-car,14.17,15.4,983.57
36,20,driving-car,50.0,43.1,1323.52
36,21,driving-car,8.63,10.9,507.67
36,22,driving-car,8.72,11.0,403.36
36,23,driving-car,14.12,15.2,929.81
36,24,driving-car,49.26,38.2,754.54
36,25,driving-car,18.6,21.5,999.05
36,26,driving-car,18.63,19.3,640.27
36,27,driving-car,12.58,16.3,817.35
36,28,driving-car,13.55,14.7,309.33
36,29,driving-car,22.38,23.1,849.01
36,30,driving-car,15.47,18.1,643.38
36,31,driving-car,19.81,20.1,795.12
36,32,driving-car,19.29,18.9,414.74
36,33,driving-car,22.38,23.1,950.73
36,34,driving-car,26.98,27.0,1100.86
36,35,driving-car,26.65,25.9,516.77
36,37,driving-car,7.07,8.8,265.59
36,38,driving-car,13.63,15.7,245.18
36,39,driving-car,42.75,36.2,1029.65
36,40,driving-car,42.97,36.1,1000.13
36,41,driving-car,42.94,34.9,945.52
36,42,driving-car,7.13,9.0,388.59
36,43,driving-car,26.17,29.5,669.68
36,44,driving-car,43.41,36.4,992.51
36,45,driving-car,46.88,39.1,934.07
37,1,driving-car,14.09,13.3,1116.14
37,2,driving-car,29.7,28.2,468.9
37,3,driving-car,12.65,16.5,842.68
37,4,driving-car,34.18,29.0,745.83
37,5,driving-car,31.62,32.2,746.84
37,6,driving-car,44.97,35.3,1116.59
37,7,driving-car,71.99,57.5,1329.6
37,8,driving-car,18.35,16.9,1149.08
37,9,driving-car,59.71,45.8,711.58
37,10,driving-car,47.56,37.6,586.46
37,11,driving-car,78.12,58.1,1413.48
37,12,driving-car,11.92,11.1,732.49
37,13,driving-car,3.7,5.5,404.29
37,14,driving-car,5.82,9.3,242.81
37,15,driving-car,5.76,9.1,248.03
37,16,driving-car,2.49,4.6,954.46
37,17,driving-car,11.13,12.8,379.09
37,18,driving-car,7.73,11.5,474.78
37,19,driving-car,7.9,7.8,388.84
37,20,driving-car,53.23,45.3,860.45
37,21,driving-car,5.36,7.8,230.82
37,22,driving-car,3.44,5.5,623.01
37,23,driving-car,7.84,7.6,245.31
37,24,driving-car,52.49,40.4,1254.99
37,25,driving-car,12.24,14.4,424.52
37,26,driving-car,11.76,13.5,696.83
37,27,driving-car,8.07,10.6,978.02
37,28,driving-car,7.27,7.1,766.54
37,29,driving-car,15.51,17.3,716.73
37,30,driving-car,9.19,10.4,485.13
37,31,driving-car,12.93,14.3,518.71
37,32,driving-car,18.62,16.2,861.38
37,33,driving-car,15.51,17.3,1131.8
37,34,driving-car,23.63,23.2,893.2
37,35,driving-car,23.31,22.1,796.99
37,36,driving-car,8.5,10.9,846.34
37,38,driving-car,7.36,8.0,600.03
37,39,driving-car,45.98,38.4,533.46
37,40,driving-car,46.2,38.3,987.27
37,41,driving-car,46.18,37.1,1342.89
37,42,driving-car,0.07,0.3,297.77
37,43,driving-car,27.61,31.2,950.38
37,44,driving-car,46.64,38.6,665.78
37,45,driving-car,50.11,41.3,996.68
38,1,driving-car,10.49,10.4,288.94
38,2,driving-car,34.73,33.5,791.67
38,3,driving-car,17.68,21.8,932.81
38,4,driving-car,39.21,34.3,734.99
38,5,driving-car,28.02,29.3,931.08
38,6,driving-car,50.01,40.6,1229.48
38,7,driving-car,77.02,62.8,1586.14
38,8,driving-car,23.38,22.2,506.72
38,9,driving-car,64.74,51.1,1000.54
38,10,driving-car,52.6,42.9,672.77
38,11,driving-car,84.11,57.4,1714.89
38,12,driving-car,16.96,16.4,1081.52
38,13,driving-car,8.73,10.7,676.21
38,14,driving-car,5.09,6.4,924.42
38,15,driving-car,10.22,12.9,668.9
38,16,driving-car,7.52,9.9,743.61
38,17,driving-car,5.29,8.5,248.1
38,18,driving-car,9.37,12.3,874.15
38,19,driving-car,4.3,4.9,276.39
38,20,driving-car,58.27,50.6,1327.26
38,21,driving-car,10.4,13.1,905.13
38,22,driving-car,8.48,10.8,826.49
38,23,driving-car,4.24,4.7,193.6
38,24,driving-car,57.53,45.7,850.32
38,25,driving-car,5.99,8.8,409.24
38,26,driving-car,6.08,10.5,497.14
38,27,driving-car,4.47,7.7,241.43
38,28,driving-car,3.68,4.2,1000.68
38,29,driving-car,11.91,14.4,710.29
38,30,driving-car,3.79,4.9,433.11
38,31,driving-car,9.33,11.4,551.43
38,32,driving-car,15.02,13.3,636.12
38,33,driving-car,11.91,14.4,752.4
38,34,driving-car,20.03,20.3,732.85
38,35,driving-car,19.71,19.2,1093.92
38,36,driving-car,13.54,16.2,670.55
38,37,driving-car,6.89,9.1,1071.22
38,39,driving-car,51.02,43.7,1288.45
38,40,driving-car,51.24,43.6,711.7
38,41,driving-car,51.21,42.4,1361.33
38,42,driving-car,6.96,9.4,283.47
38,43,driving-car,33.26,34.6,1110.28
38,44,driving-car,51.68,43.9,870.34
38,45,driving-car,55.15,46.6,1347.45
39,1,driving-car,59.34,40.8,1374.14
39,2,driving-car,26.37,26.7,1044.79
39,3,driving-car,41.06,37.9,1148.54
39,4,driving-car,15.43,16.2,510.72
39,5,driving-car,75.91,55.4,814.52
39,6,driving-car,2.53,4.9,512.63
39,7,driving-car,29.99,27.8,504.59
39,8,driving-car,32.21,28.1,991.64
39,9,driving-car,17.71,16.1,563.96
39,10,driving-car,5.56,7.9,1047.69
39,11,driving-car,42.09,32.6,1023.14
39,12,driving-car,34.42,28.3,1124.09
39,13,driving-car,43.96,37.5,581.43
39,14,driving-car,49.47,44.8,1284.81
39,15,driving-car,47.89,42.4,1326.04
39,16,driving-car,43.4,35.3,895.76
39,17,driving-car,59.4,43.5,1139.03
39,18,driving-car,49.85,44.8,1200.56
39,19,driving-car,58.75,40.4,745.23
39,20,driving-car,11.23,15.7,659.42
39,21,driving-car,44.03,36.3,821.55
39,22,driving-car,45.71,38.6,608.78
39,23,driving-car,58.69,40.2,918.15
39,24,driving-car,10.49,10.7,263.29
39,25,driving-car,60.5,45.1,626.23
39,26,driving-car,60.53,43.0,724.92
39,27,driving-car,57.88,41.0,1447.28
39,28,driving-car,58.12,39.7,1077.1
39,29,driving-car,64.28,46.8,1506.26
39,30,driving-car,63.79,45.6,1021.86
39,31,driving-car,61.71,43.8,894.52
39,32,driving-car,61.06,40.5,1063.57
39,33,driving-car,64.28,46.8,1032.58
39,34,driving-car,68.88,50.7,773.52
39,35,driving-car,68.55,49.6,1252.19
39,36,driving-car,42.98,36.9,648.26
39,37,driving-car,44.91,38.8,1027.86
39,38,driving-car,59.88,41.9,1182.66
39,40,driving-car,3.76,7.9,294.76
39,41,driving-car,4.18,7.4,215.88
39,42,driving-car,44.96,39.1,1173.35
39,43,driving-car,44.44,39.5,880.06
39,44,driving-car,4.64,9.0,216.01
39,45,driving-car,8.11,11.7,1081.6
40,1,driving-car,55.48,40.3,612.08
40,2,driving-car,26.36,26.5,944.91
40,3,driving-car,41.05,37.7,1322.73
40,4,driving-car,15.41,16.0,451.63
40,5,driving-car,72.05,54.9,834.97
40,6,driving-car,2.52,4.7,259.13
40,7,driving-car,30.68,28.1,626.89
40,8,driving-car,32.2,27.8,457.04
40,9,driving-car,18.4,16.4,880.25
40,10,driving-car,6.25,8.2,230.18
40,11,driving-car,38.23,32.1,872.82
40,12,driving-car,34.4,28.1,1280.73
40,13,driving-car,43.95,37.3,1194.65
40,14,driving-car,49.46,44.6,1062.61
40,15,driving-car,47.87,42.2,771.02
40,16,driving-car,43.39,35.1,1018.82
40,17,driving-car,55.54,42.9,1034.93
40,18,driving-car,49.84,44.6,895.62
40,19,driving-car,54.88,39.9,672.62
40,20,driving-car,11.92,16.0,1009.88
40,21,driving-car,44.02,36.1,867.48
40,22,driving-car,45.7,38.4,652.11
40,23,driving-car,54.83,39.6,885.53
40,24,driving-car,11.18,11.0,579.48
40,25,driving-car,56.64,44.6,1314.72
40,26,driving-car,56.67,42.4,1230.45
40,27,driving-car,54.02,40.4,1240.04
40,28,driving-car,54.26,39.2,559.64
40,29,driving-car,60.42,46.3,976.82
40,30,driving-car,59.93,45.1,1031.11
40,31,driving-car,57.85,43.3,597.5
40,32,driving-car,57.2,40.0,808.53
40,33,driving-car,60.42,46.3,1286.54
40,34,driving-car,65.02,50.2,767.08
40,35,driving-car,64.69,49.1,1122.49
40,36,driving-car,42.97,36.7,647.43
40,37,driving-car,44.89,38.6,480.97
40,38,driving-car,56.02,41.3,781.75
40,39,driving-car,3.7,7.8,1035.84
40,41,driving-car,4.86,7.7,886.47
40,42,driving-car,44.95,38.9,1334.2
40,43,driving-car,40.58,38.9,872.5
40,44,driving-car,5.33,9.2,266.9
40,45,driving-car,8.8,12.0,683.86
41,1,driving-car,59.25,39.0,1001.06
41,2,driving-car,26.29,24.9,1078.74
41,3,driving-car,40.97,36.1,525.02
41,4,driving-car,15.34,14.4,675.3
41,5,driving-car,75.82,53.6,875.92
41,6,driving-car,3.61,4.6,449.18
41,7,driving-car,28.72,25.4,1001.88
41,8,driving-car,32.12,26.2,793.88
41,9,driving-car,16.44,13.7,581.88
41,10,driving-car,4.3,5.5,516.48
41,11,driving-car,42.0,30.8,859.0
41,12,driving-car,34.33,26.5,1089.65
41,13,driving-car,43.87,35.7,1264.27
41,14,driving-car,49.38,43.0,1368.03
41,15,driving-car,47.8,40.6,1203.01
41,16,driving-car,43.31,33.5,740.5
41,17,driving-car,59.31,41.7,1211.95
41,18,driving-car,49.77,43.0,905.39
41,19,driving-car,58.66,38.6,816.31
41,20,driving-car,9.97,13.2,955.09
41,21,driving-car,43.94,34.5,496.57
41,22,driving-car,45.62,36.8,1287.86
41,23,driving-car,58.6,38.4,1001.93
41,24,driving-car,9.23,8.3,766.98
41,25,driving-car,60.41,43.3,1195.61
41,26,driving-car,60.44,41.2,1408.07
41,27,driving-car,57.79,39.2,1152.72
41,28,driving-car,58.03,37.9,1134.29
41,29,driving-car,64.19,45.0,696.2
41,30,driving-car,63.7,43.8,1098.37
41,31,driving-car,61.62,42.0,748.23
41,32,driving-car,60.97,38.7,1270.92
41,33,driving-car,64.2,45.0,1097.3
41,34,driving-car,68.79,48.9,1289.82
41,35,driving-car,68.46,47.8,712.15
41,36,driving-car,42.9,35.1,529.46
41,37,driving-car,44.82,37.0,1114.16
41,38,driving-car,59.79,40.0,661.6
41,39,driving-car,4.55,7.6,227.21
41,40,driving-car,4.85,7.6,175.93
41,42,driving-car,44.88,37.3,1330.83
41,43,driving-car,44.35,37.7,1129.24
41,44,driving-car,0.81,2.0,457.93
41,45,driving-car,5.13,7.6,433.72
42,1,driving-car,14.15,13.5,542.28
42,2,driving-car,29.76,28.5,1043.77
42,3,driving-car,12.71,16.7,812.7
42,4,driving-car,34.24,29.2,549.1
42,5,driving-car,31.68,32.4,518.64
42,6,driving-car,45.03,35.6,559.81
42,7,driving-car,72.05,57.7,1301.22
42,8,driving-car,18.41,17.2,945.31
42,9,driving-car,59.77,46.0,835.09
42,10,driving-car,47.62,37.8,512.12
42,11,driving-car,78.18,58.3,836.07
42,12,driving-car,11.98,11.3,1083.43
42,13,driving-car,3.76,5.7,423.84
42,14,driving-car,5.88,9.5,864.02
42,15,driving-car,5.82,9.3,733.53
42,16,driving-car,2.55,4.8,493.83
42,17,driving-car,11.19,13.0,391.95
42,18,driving-car,7.79,11.7,293.38
42,19,driving-car,7.96,8.0,738.75
42,20,driving-car,53.29,45.6,1238.63
42,21,driving-car,5.42,8.1,748.24
42,22,driving-car,3.5,5.7,633.52
42,23,driving-car,7.9,7.8,222.61
42,24,driving-car,52.55,40.6,1406.81
42,25,driving-car,12.3,14.7,933.44
42,26,driving-car,11.82,13.7,474.78
42,27,driving-car,8.13,10.8,1068.31
42,28,driving-car,7.33,7.3,722.84
42,29,driving-car,15.57,17.6,761.67
42,30,driving-car,9.25,10.7,866.89
42,31,driving-car,12.99,14.5,950.02
42,32,driving-car,18.68,16.5,850.09
42,33,driving-car,15.57,17.6,352.78
42,34,driving-car,23.69,23.4,602.46
42,35,driving-car,23.37,22.3,1130.74
42,36,driving-car,8.56,11.1,391.29
42,37,driving-car,0.07,0.3,474.95
42,38,driving-car,7.42,8.3,570.6
42,39,driving-car,46.04,38.6,875.3
42,40,driving-car,46.26,38.6,1033.36
42,41,driving-car,46.24,37.3,1330.31
42,43,driving-car,27.67,31.4,546.48
42,44,driving-car,46.7,38.8,594.8
42,45,driving-car,50.17,41.6,692.67
43,1,driving-car,31.33,30.9,1157.37
43,2,driving-car,25.99,30.2,897.65
43,3,driving-car,24.37,30.4,560.78
43,4,driving-car,31.82,34.6,1097.41
43,5,driving-car,48.03,47.6,1271.98
43,6,driving-car,41.3,34.4,1201.41
43,7,driving-car,70.86,56.7,1523.27
43,8,driving-car,18.59,22.8,485.65
43,9,driving-car,57.39,45.1,1255.85
43,10,driving-car,45.24,36.8,887.53
43,11,driving-car,66.7,51.0,1416.6
43,12,driving-car,19.16,24.7,918.26
43,13,driving-car,25.24,28.1,1009.22
43,14,driving-car,37.08,37.2,995.69
43,15,driving-car,31.17,37.2,517.55
43,16,driving-car,26.29,30.5,809.34
43,17,driving-car,31.39,33.5,1245.82
43,18,driving-car,33.14,39.5,1217.27
43,19,driving-car,30.74,30.5,393.28
43,20,driving-car,50.91,44.6,669.56
43,21,driving-car,28.24,32.2,452.98
43,22,driving-car,28.33,32.3,988.52
43,23,driving-car,30.68,30.2,1089.95
43,24,driving-car,50.17,39.6,707.11
43,25,driving-car,32.5,35.2,823.77
43,26,driving-car,32.53,33.0,1125.37
43,27,driving-car,26.48,30.0,979.86
43,28,driving-car,30.12,29.8,837.47
43,29,driving-car,36.28,36.9,930.05
43,30,driving-car,35.78,35.7,852.26
43,31,driving-car,33.7,33.9,645.89
43,32,driving-car,33.18,32.7,882.46
43,33,driving-car,36.28,36.9,1018.74
43,34,driving-car,40.87,40.8,1221.88
43,35,driving-car,40.55,39.7,1005.83
43,36,driving-car,25.87,28.4,1000.47
43,37,driving-car,26.71,30.0,466.24
43,38,driving-car,31.88,31.9,778.94
43,39,driving-car,42.49,37.5,458.07
43,40,driving-car,42.36,37.3,670.57
43,41,driving-car,43.85,36.3,1115.05
43,42,driving-car,26.77,30.3,1215.29
43,44,driving-car,44.32,37.9,554.48
43,45,driving-car,47.79,40.6,856.05
44,1,driving-car,59.3,39.0,1312.61
44,2,driving-car,26.34,25.0,502.85
44,3,driving-car,41.03,36.2,936.83
44,4,driving-car,15.39,14.4,895.99
44,5,driving-car,75.88,53.6,1295.81
44,6,driving-car,3.67,4.7,326.58
44,7,driving-car,29.97,26.4,668.11
44,8,driving-car,32.17,26.3,1071.27
44,9,driving-car,17.69,14.7,751.13
44,10,driving-car,5.54,6.5,174.22
44,11,driving-car,42.05,30.9,1130.81
44,12,driving-car,34.38,26.6,415.32
44,13,driving-car,43.93,35.8,1133.06
44,14,driving-car,49.44,43.1,690.97
44,15,driving-car,47.85,40.7,1357.5
44,16,driving-car,43.37,33.6,788.29
44,17,driving-car,59.37,41.7,887.38
44,18,driving-car,49.82,43.0,645.97
44,19,driving-car,58.71,38.6,862.57
44,20,driving-car,11.21,14.2,995.96
44,21,driving-car,44.0,34.5,1359.2
44,22,driving-car,45.68,36.8,808.26
44,23,driving-car,58.65,38.4,990.77
44,24,driving-car,10.47,9.2,851.65
44,25,driving-car,60.47,43.4,1400.31
44,26,driving-car,60.5,41.2,1136.74
44,27,driving-car,57.84,39.2,932.51
44,28,driving-car,58.09,38.0,953.63
44,29,driving-car,64.25,45.1,1262.81
44,30,driving-car,63.75,43.9,635.15
44,31,driving-car,61.67,42.0,1171.16
44,32,driving-car,61.03,38.7,927.71
44,33,driving-car,64.25,45.1,1351.53
44,34,driving-car,68.84,48.9,761.75
44,35,driving-car,68.52,47.9,1204.56
44,36,driving-car,42.95,35.2,886.46
44,37,driving-car,44.87,37.1,1047.98
44,38,driving-car,59.85,40.1,655.6
44,39,driving-car,4.61,7.7,685.46
44,40,driving-car,4.9,7.6,670.69
44,41,driving-car,1.72,2.6,649.27
44,42,driving-car,44.93,37.3,1013.54
44,43,driving-car,44.4,37.7,1074.72
44,45,driving-car,5.44,9.2,893.35
45,1,driving-car,64.3,44.7,880.04
45,2,driving-car,31.34,30.7,1101.76
45,3,driving-car,46.02,41.9,928.1
45,4,driving-car,20.39,20.2,340.97
45,5,driving-car,80.88,59.3,840.44
45,6,driving-car,8.67,10.4,490.66
45,7,driving-car,26.23,24.5,1024.75
45,8,driving-car,37.17,32.0,1042.77
45,9,driving-car,13.95,12.9,935.9
45,10,driving-car,5.55,8.6,635.12
45,11,driving-car,34.16,30.7,777.96
45,12,driving-car,39.38,32.3,556.25
45,13,driving-car,48.92,41.5,799.69
45,14,driving-car,54.44,48.8,941.86
45,15,driving-car,52.85,46.4,617.47
45,16,driving-car,48.36,39.3,698.11
45,17,driving-car,64.36,47.4,1176.14
45,18,driving-car,54.82,48.7,1216.57
45,19,driving-car,63.71,44.3,1530.4
45,20,driving-car,7.48,12.4,1021.92
45,21,driving-car,48.99,40.3,1083.23
45,22,driving-car,50.67,42.6,898.32
45,23,driving-car,63.65,44.1,1203.91
45,24,driving-car,6.74,7.4,884.4
45,25,driving-car,65.47,49.1,754.23
45,26,driving-car,65.49,46.9,1016.82
45,27,driving-car,62.84,44.9,1379.88
45,28,driving-car,63.08,43.7,971.67
45,29,driving-car,69.25,50.8,1196.44
45,30,driving-car,68.75,49.6,1206.24
45,31,driving-car,66.67,47.7,824.56
45,32,driving-car,66.02,44.4,978.69
45,33,driving-car,69.25,50.8,982.81
45,34,driving-car,73.84,54.6,746.64
45,35,driving-car,73.52,53.6,741.95
45,36,driving-car,47.95,40.9,1244.61
45,37,driving-car,49.87,42.8,758.15
45,38,driving-car,64.84,45.8,1108.33
45,39,driving-car,9.6,13.4,464.75
45,40,driving-car,9.9,13.4,1044.46
45,41,driving-car,6.23,8.9,407.37
45,42,driving-car,49.93,43.0,899.59
45,43,driving-car,49.4,43.4,1293.86
45,44,driving-car,5.93,9.2,929.79
